Title,Present,Maker
Sneaky Brides - Codi Vore,,
Obedient Step-Daughter - Skylar Vox - famliytherapyxxx.com,,
My Best Friend's Girl Has Needs...and What She Needs Is Big Black Dick (2020) - Skylar Vox - DickDrainers.com,,
"Registered Nurse Naturals - JMac, Skylar Vox - Reality Kings",,
Hookup Hotshot: Skylar Vox (2019) EPISODE 211 - Skylar Vox - hookuphotshot.com,,
That's My Girl (2020) - Skylar Vox - blacked.com - blackedraw.20.02.06,,
This Whole Time - Skylar Vox - vixen.com - vixen.20.03.04,,
Avoiding Dicktection - Lena Paul - Brazzers - BrazzersExtra.18.07.25,,
The Cum Spattered Bride - Skyla Novea - RealityKings - RKPrime.18.12.06,,
Harmony Gets Slayed By Nacho! - Harmony Reigns - Bangbros - PublicBang.15.04.29,,
Angel Tits - Skylar Vox - TeamSkeet - TittyAttack.19.09.13,,
Pretty Dick To Suck - Vivian Fox - TeamSkeet - POVLife.23.01.29,,
Skylar Vox Hentai Blow Job (2019) - Skylar Vox - sloppytoppy.com,,
NetVideoGirls 1743: Dylann (2019) - Skylar Vox - NVG Networks,,
"Step Daughter Wants to Play Truth or Dare - Skylar Vox, Cory Chase - TabooHeat",,
My Daughter's Hot Friend 25903 (2020) - Skylar Vox Gets Punished by Friend's Dad - Skylar Vox - naughtyamerica.com,,
Skylar Vox - Dylan Does a Workout,,
Vivian Fox - Vivian Unveiled,,
Vivian Fox - Pov Life,,
Lexi Luna - Turning me on - NF Busty,,
Lexi Luna - Sexually Inventive Incentives PervMom,,
Lexi Luna - Classy MILF Coochie,,
Lexi Luna - Spell MYLF For Me,,
Lexi Luna - We're Basically Family,,
Madison Ivy - The Assistant's Affair,,
MilfSoup.ID.ms11362.Ava.Addams.Mae.Olsen.PREAIR.XXX.720p.MP4-IEVA[rarbg],,
Cosmid.19.11.29.Skylar.Vox.Workout.XXX.720p.WEB.x264-GalaXXXy[XvX],,
